"CodeLineNumber","ControlPointNumber","CodeStationNumber","LineOrder","StationName","ControlAddress","IndicationAddress","NumberOfControls","NumberOfIndications","SetupParameterString","NetworkPortalPrimary","NetworkPortalSecondary","NetworkPortalTertiary","NetworkPortalAddress","PrivateKey","NetworkPrimaryID","NetworkSecondaryID","SBDMode","UID","LayerFourAckProcessingEnable","ControlPointStatusProcessingEnabled","ManualDisableStation","EnableCRCCalculationPriorToMask","WaysideATCSAddress","WaysideEMPAddress","WaysideConfigurationCRC","WaysideSecurityKey","WaysideBeaconFlag","WebPollIntervalSeconds","NMSEnabled","WebPollTabName","StationFailed"
"5","100000","1","55","CP CARL","73405050580202","73405050580202","8","16","","","","","","","","","False","1BF3E9AB-2AB2-49C7-A800-33FA79CB3331","False","False","False","False",,,,,,"0","False",,"False"
"5","100001","1","5","CP SONGS","73405050200202","73405050200202","16","16","","","","","","","","","False","423EF1C3-695E-4D68-A6B5-6C90F5C01CE3","False","False","False","False",,,,,,"0","False",,"False"
"5","100002","1","10","CP DON","73405050250202","73405050250202","24","24","","","","","","","","","False","2C79ADD4-7922-4056-B52B-A978F50805E1","False","False","False","False",,,,,,"0","False",,"False"
"5","100003","1","15","CP PULGAS","73405050270202","73405050270202","16","16","","","","","","","","","False","60FA44F1-7CD3-4558-82E4-4A29C95FFB4F","False","False","False","False",,,,,,"0","False",,"False"
"5","100004","1","130","CP CUDAHY","73405050870202","73405050870202","24","24","","","","","","","","","False","74ED128F-524D-4C4F-849F-BDB5AB99C24C","False","False","False","False",,,,,,"0","False",,"False"
"5","100005","1","20","CP STUART","73405050350202","73405050350202","24","24","","","","","","","","","False","E8F0F55A-70CF-4D94-9CF9-B9B661379677","False","False","False","False",,,,,,"0","False",,"False"
"5","100006","1","25","CP MESA","73405050360202","73405050360202","24","24","","","","","","","","","False","2CFCC3D7-BC23-4F7C-8F4D-C4C5A31EC623","False","False","False","False",,,,,,"0","False",,"False"
"5","100007","1","120","CP ROSE","73405050830202","73405050830202","24","24","","","","","","","","","False","A1D4CC0D-8197-4D5E-AEC8-3C8EE4234ACA","False","False","False","False",,,,,,"0","False",,"False"
"5","100008","1","125","CP BROADWAY","73405050950202","73405050950202","16","24","","","","","","","","","False","987654","False","False","False","False",,,,,,"0","False",,"False"
"5","100009","1","30","CP EAST BROOK","73405050480202","73405050480202","8","16","","","","","","","","","False","79DE1006-2ACF-4026-BB36-FDD0F1403B4B","False","False","False","False",,,,,,"0","False",,"False"
"5","100010","1","105","CP SORRENTO","73405050760202","73405050760202","24","24","","","","","","","","","False","0C3F1311-BD99-4862-B385-5AF7CA9ED799","False","False","False","False",,,,,,"0","False",,"False"
"5","100011","1","40","CP PACIFIC","73405050530202","73405050530202","8","16","","","","","","","","","False","E6AB7F69-2473-40AF-A160-78B3C01476C7","False","False","False","False",,,,,,"0","False",,"False"
"5","100012","1","35","CP SHELL","73405050520202","73405050520202","8","16","","","","","","","","","False","6DFF15CF-BF2F-4A67-8BF2-4A4F4EEAF792","False","False","False","False",,,,,,"0","False",,"False"
"5","100013","1","45","CP ESCONDIDO JCT","73405050540202","73405050540202","24","40","","","","","","","","","False","C87AB0DF-1E8E-4B9D-AA96-DA07F628D6B8","False","False","False","False",,,,,,"0","False",,"False"
"5","100015","1","110","CP SCRIPPS","73405050800202","73405050800202","24","24","","","","","","","","","False","CB8F4405-66D1-4AE5-88EB-4FC45CAB7A3E","False","False","False","False",,,,,,"0","False",,"False"
"5","100016","1","50","CP LONGBOARD","73405050560202","73405050560202","8","16","","","","","","","","","False","55B0BC64-2174-4E8D-AB6E-0313ED10B5E0","False","False","False","False",,,,,,"0","False",,"False"
"5","100017","1","60","CP FARR","73405050600202","73405050600202","24","24","","","","","","","","","False","E4616209-809D-401C-90A1-5E5BD7DF9D3A","False","False","False","False",,,,,,"0","False",,"False"
"5","100018","1","65","CP PONTO","73405050610202","73405050610202","8","16","","","","","","","","","False","5B81534F-9667-42BE-AD0B-492C9A85D33C","False","False","False","False",,,,,,"0","False",,"False"
"5","100019","1","70","CP SWAMI","73405050620202","73405050620202","8","16","","","","","","","","","False","ACBF223E-E6C6-4F06-BC4E-B874FE4B7761","False","False","False","False",,,,,,"0","False",,"False"
"5","100020","1","75","CP CARDIFF","73405050630202","73405050630202","24","24","","","","","","","","","False","D7CFEF66-D733-4B61-B5A6-8FA8DEF9E37B","False","False","False","False",,,,,,"0","False",,"False"
"5","100022","1","85","CP VALLEY","73405050650202","73405050650202","8","16","","","","","","","","","False","12B7B544-2A76-4E73-AEA7-076AD4FAD0CF","False","False","False","False",,,,,,"0","False",,"False"
"5","100023","1","90","CP CROSBY","73405050670202","73405050670202","8","16","","","","","","","","","False","5609D473-970A-41A8-AE92-9242BC8C6837","False","False","False","False",,,,,,"0","False",,"False"
"5","100024","1","95","CP DEL MAR","73405050700202","73405050700202","8","16","","","","","","","","","False","A207A79E-4101-498F-AC3D-95EE581FC4EC","False","False","False","False",,,,,,"0","False",,"False"
"5","100025","1","100","CP TORREY","73405050740202","73405050740202","24","24","","","","","","","","","False","66103732-B5A6-40CE-9CFE-E5909930AC62","False","False","False","False",,,,,,"0","False",,"False"
"5","100027","1","115","CP MIRAMAR","73405050820202","73405050820202","24","24","","","","","","","","","False","FAEB0695-1416-4D2E-800A-A8142FB852E7","False","False","False","False",,,,,,"0","False",,"False"
"5","100033","1","150","CP ASH","73405050940202","73405050940202","24","48","","","","","","","","","False","24C661AA-C532-49D7-B03E-EF8C865A51A5","False","False","False","False",,,,,,"0","False",,"False"
"5","100035","1","145","CP CONVAIR","73405050900202","73405050900202","24","24","","","","","","","","","False","FB00A57D-37D6-4A9B-ABD5-CC69E68F2FE0","False","False","False","False",,,,,,"0","False",,"False"
"6","200000","1","8","OCEAN TC","48","48","48","48","","PORT-48","NONE","NONE","48"," ","48","48","False","29F3CE98-3C48-4FD9-934A-F70FB42F1AE6","False","False","False","False",,,,,,"0","False",,"False"
"7","200002","1","7","RAILROAD","46","46","48","48","","PORT-46","NONE","NONE","46"," ","46","46","False","A43EEF26-08C5-4435-AB8E-5AC952F5486C","False","False","False","False",,,,,,"0","False",,"False"
"8","200004","1","6","WYE","44","44","48","48","","PORT-44","NONE","NONE","44"," ","44","44","False","3B675980-B041-4683-9A45-DB248AC87807","False","False","False","False",,,,,,"0","False",,"False"
"9","200005","1","5","CROUCH","42","42","48","48","","PORT-42","NONE","NONE","42"," ","42","42","False","44514544-D9B3-46D9-920E-20CB6F4643F4","False","False","False","False",,,,,,"0","False",,"False"
"10","200003","1","4","TRUE","40","40","48","48","","PORT-40","NONE","NONE","40"," ","40","40","False","7F9C7D5F-2D78-49C9-85C2-52247E2A6EF7","False","False","False","False",,,,,,"0","False",,"False"
"11","200008","1","3","EL CAMINO","38","38","48","48","","PORT-38","NONE","NONE","38"," ","38","38","False","CF36D710-6A6A-4EE5-B3C6-D1EE0421921E","False","False","False","False",,,,,,"0","False",,"False"
"12","200006","1","2","RANCHO","36","36","48","48","","PORT-36","NONE","NONE","36"," ","36","36","False","13B7B847-CE55-40E9-8E1F-22DA56609C8F","False","False","False","False",,,,,,"0","False",,"False"
"13","200007","1","1","SCHOOL","34","34","48","48","","PORT-34","NONE","NONE","34"," ","34","34","False","14114B55-30F1-4DED-B1BE-24A3A0B6F583","False","False","False","False",,,,,,"0","False",,"False"
"14","200009","1","8","MELROSE","32","32","48","48","","PORT-32","NONE","NONE","32","NONE","32","32","False","00285F35-4C94-49DD-96A2-50CF33638F3E","False","False","False","False",,,,,,"0","False",,"False"
"15","200010","1","7","ANGEL","30","30","48","48","","PORT-30","NONE","NONE","30"," ","30","30","False","09A7A60C-7CD5-4BBB-BB67-D7996BCD51A4","False","False","False","False",,,,,,"0","False",,"False"
"16","200011","1","6","VISTA","28","28","48","48","","PORT-28","NONE","NONE","28"," ","28","28","False","A24F6E58-C14F-4FEB-8306-DF34AB36EDF5","False","False","False","False",,,,,,"0","False",,"False"
"17","200012","1","5","ESCON","26","26","48","48","","PORT-26","NONE","NONE","26"," ","26","26","False","1884EBF7-523B-4DBA-8984-59A210140FD5","False","False","False","False",,,,,,"0","False",,"False"
"18","200013","1","4","AVENUE","24","24","24","48","","PORT-24","NONE","NONE","24"," ","24","24","False","40DD4337-9C17-420F-8785-D6FCE135A59F","False","False","False","False",,,,,,"0","False",,"False"
"19","200014","1","3","BUENA CREEK","22","22","24","48","","PORT-22","NONE","NONE","22"," ","22","22","False","868D6A1F-E19D-4087-AABA-B3DA2F962688","False","False","False","False",,,,,,"0","False",,"False"
"20","200016","1","2","MISSY","20","20","48","48","","PORT-20","NONE","NONE","20"," ","20","20","False","4F62EBAA-CCF2-419B-B4B7-9384EF03E25B","False","False","False","False",,,,,,"0","False",,"False"
"21","200015","1","1","PALOMAR","18","18","48","48","","PORT-18","NONE","NONE","18"," ","18","18","False","AD063B18-5121-48ED-AD9B-0D944781F97A","False","False","False","False",,,,,,"0","False",,"False"
"22","200017","1","7","LOOP WEST","16","16","48","48","","PORT-16","NONE","NONE","16"," ","16","16","False","8709F836-15E4-40A0-8AE5-87B9EC2B725B","False","False","False","False",,,,,,"0","False",,"False"
"23","200020","1","6","SHELLY","12","12","48","48","","PORT-12","NONE","NONE","12"," ","12","12","False","6BD4EA02-1779-4E3E-9A0B-2BAF0239167F","False","False","False","False",,,,,,"0","False",,"False"
"24","200019","1","5","LOOP EAST","10","10","48","48","","PORT-10","NONE","NONE","10"," ","10","10","False","BE2E6842-80C8-4A40-BA1C-73D2DE71EC7C","False","False","False","False",,,,,,"0","False",,"False"
"25","200025","1","4","NORDAHL","8","8","48","48","","PORT-08","NONE","NONE","8"," ","8","8","False","478D1F29-CD03-44DE-A090-0F4A63AD802B","False","False","False","False",,,,,,"0","False",,"False"
"26","200026","1","3","HOLDOUT","6","6","48","48","","PORT-06","NONE","NONE","6"," ","6","6","False","271B14FF-B14C-4E8F-861E-624D1142C069","False","False","False","False",,,,,,"0","False",,"False"
"27","200027","1","2","YARD","4","4","48","48","","PORT-04","NONE","NONE","4","","4","4","False","10BF258A-A5B7-4027-B814-72DDF584742F","False","False","False","False",,,,,,"0","False",,"False"
"28","200028","1","1","AVO","2","2","24","24","","PORT-02","NONE","NONE","2"," ","2","2","False","C8904C6D-3361-466E-9A9C-7136921BA557","False","False","False","False",,,,,,"0","False",,"False"
